<?xml version="1.0" encoding="UTF-8"?>
<project-private xmlns="http://www.netbeans.org/ns/project-private/1">
    <editor-bookmarks xmlns="http://www.netbeans.org/ns/editor-bookmarks/2" lastBookmarkId="0"/>
    <open-files xmlns="http://www.netbeans.org/ns/projectui-open-files/2">
        <group>
            <file>file:/C:/Users/IDB-CF/Documents/NetBeansProjects/com.Account/src/com/account/ComAccount.java</file>
            <file>file:/C:/Users/IDB-CF/Documents/NetBeansProjects/com.Account/src/com/account/Test.java</file>
            <file>file:/C:/Users/IDB-CF/Documents/NetBeansProjects/com.Account/src/com/account/Exam.java</file>
            <file>file:/C:/Users/IDB-CF/Documents/NetBeansProjects/com.Account/src/com/account/Saving_Account.java</file>
        </group>
    </open-files>
</project-private>
